시간,rate
2021-02-18 00:00:00,0.5
2021-02-19 00:00:00,0.66667
2021-02-20 00:00:00,0.6
2021-02-21 00:00:00,-0.125
2021-02-22 00:00:00,1.42857
2021-02-23 00:00:00,0.35294
2021-02-24 00:00:00,0.30435
2021-02-25 00:00:00,0.16667
2021-02-26 00:00:00,0.22857
2021-02-27 00:00:00,0.32558
2021-02-28 00:00:00,0.31579
2021-03-01 00:00:00,0.30667
2021-03-02 00:00:00,0.26531
2021-03-03 00:00:00,0.34677
2021-03-04 00:00:00,0.29341
2021-03-05 00:00:00,0.5463
2021-03-06 00:00:00,0.34132
2021-03-07 00:00:00,0.31473
2021-03-08 00:00:00,0.17148
2021-03-09 00:00:00,0.06667
2021-03-10 00:00:00,0.08152
2021-03-11 00:00:00,0.01131
2021-03-12 00:00:00,-0.00745
2021-03-13 00:00:00,-0.01752
2021-03-14 00:00:00,-0.02803
2021-03-15 00:00:00,-0.07995
2021-03-16 00:00:00,0.01567
2021-03-17 00:00:00,-0.00281
2021-03-18 00:00:00,-0.07032
2021-03-27 00:00:00,0.38462
2021-03-28 00:00:00,0.11111
2021-03-29 00:00:00,0.3
2021-03-30 00:00:00,0.38462
2021-03-31 00:00:00,0.25
2021-04-01 00:00:00,0.35556
2021-04-02 00:00:00,0.31148
2021-04-03 00:00:00,0.2375
2021-04-04 00:00:00,0.36364
2021-04-05 00:00:00,0.27407
2021-04-06 00:00:00,0.18023
2021-04-07 00:00:00,0.15764
2021-04-08 00:00:00,0.34894
2021-04-09 00:00:00,0.347
2021-04-10 00:00:00,0.27166
2021-04-11 00:00:00,0.24494
2021-04-12 00:00:00,0.22041
2021-04-13 00:00:00,0.16606
2021-04-14 00:00:00,0.22037
2021-04-15 00:00:00,0.24532
2021-04-16 00:00:00,0.16279
2021-04-17 00:00:00,0.21941
2021-04-18 00:00:00,0.15292
2021-04-19 00:00:00,0.19707
2021-04-20 00:00:00,0.08039
2021-04-21 00:00:00,0.20802
2021-04-22 00:00:00,0.05383
2021-04-23 00:00:00,0.11741
2021-04-24 00:00:00,0.04981
2021-03-29 00:00:00,0.33333
2021-03-30 00:00:00,0.25
2021-03-31 00:00:00,0.7
2021-04-01 00:00:00,0.23529
2021-04-02 00:00:00,0.38095
2021-04-03 00:00:00,0.2069
2021-04-04 00:00:00,0.25714
2021-04-05 00:00:00,0.36364
2021-04-06 00:00:00,0.21667
2021-04-07 00:00:00,0.19178
2021-04-08 00:00:00,0.63218
2021-04-09 00:00:00,0.28873
2021-04-10 00:00:00,0.14208
2021-04-11 00:00:00,0.1866
2021-04-12 00:00:00,0.45565
2021-04-13 00:00:00,0.19945
2021-04-14 00:00:00,0.22864
2021-04-15 00:00:00,0.28571
2021-04-16 00:00:00,0.26754
2021-04-17 00:00:00,0.21915
2021-04-18 00:00:00,0.18448
2021-04-19 00:00:00,0.23642
2021-04-20 00:00:00,0.14922
2021-04-21 00:00:00,0.26869
2021-04-22 00:00:00,0.15463
2021-04-23 00:00:00,0.05641
2021-04-24 00:00:00,0.10025
2021-03-27 00:00:00,0.0
2021-03-28 00:00:00,1.5
2021-03-29 00:00:00,-0.2
2021-03-30 00:00:00,0.375
2021-03-31 00:00:00,0.54545
2021-04-01 00:00:00,0.29412
2021-04-02 00:00:00,0.18182
2021-04-03 00:00:00,0.46154
2021-04-04 00:00:00,0.28947
2021-04-05 00:00:00,0.30612
2021-04-06 00:00:00,0.1875
2021-04-07 00:00:00,0.13158
2021-04-08 00:00:00,0.45349
2021-04-09 00:00:00,0.328
2021-04-10 00:00:00,0.31928
2021-04-11 00:00:00,0.22831
2021-04-12 00:00:00,0.14126
2021-04-13 00:00:00,0.15309
2021-04-14 00:00:00,0.14972
2021-04-15 00:00:00,0.23833
2021-04-16 00:00:00,0.19444
2021-04-17 00:00:00,0.201
2021-04-18 00:00:00,0.20332
2021-04-19 00:00:00,0.15057
2021-04-20 00:00:00,0.13187
2021-04-21 00:00:00,0.27891
2021-04-22 00:00:00,0.13389
2021-04-23 00:00:00,0.11808
2021-04-24 00:00:00,0.10289
2021-03-27 00:00:00,1.0
2021-03-28 00:00:00,0.16667
2021-03-29 00:00:00,0.28571
2021-03-30 00:00:00,0.66667
2021-03-31 00:00:00,0.4
2021-04-01 00:00:00,0.19048
2021-04-02 00:00:00,0.28
2021-04-03 00:00:00,0.21875
2021-04-04 00:00:00,0.30769
2021-04-05 00:00:00,0.15686
2021-04-06 00:00:00,0.23729
2021-04-07 00:00:00,0.23288
2021-04-08 00:00:00,0.32222
2021-04-09 00:00:00,0.21849
2021-04-10 00:00:00,0.42069
2021-04-11 00:00:00,0.24757
2021-04-12 00:00:00,0.14397
2021-04-13 00:00:00,0.18367
2021-04-14 00:00:00,0.23276
2021-04-15 00:00:00,0.17949
2021-04-16 00:00:00,0.22332
2021-04-17 00:00:00,0.22132
2021-04-18 00:00:00,0.19577
2021-04-19 00:00:00,0.1604
2021-04-20 00:00:00,0.1449
2021-04-21 00:00:00,0.30558
2021-04-22 00:00:00,0.13329
2021-04-23 00:00:00,0.05346
2021-04-24 00:00:00,0.07692
2021-03-27 00:00:00,4.0
2021-03-28 00:00:00,0.4
2021-03-29 00:00:00,0.14286
2021-03-30 00:00:00,0.25
2021-03-31 00:00:00,0.2
2021-04-01 00:00:00,0.41667
2021-04-02 00:00:00,0.17647
2021-04-03 00:00:00,0.2
2021-04-04 00:00:00,0.29167
2021-04-05 00:00:00,0.20968
2021-04-06 00:00:00,0.22667
2021-04-07 00:00:00,0.23913
2021-04-08 00:00:00,0.33333
2021-04-09 00:00:00,0.13816
2021-04-10 00:00:00,0.27168
2021-04-11 00:00:00,0.32273
2021-04-12 00:00:00,0.17526
2021-04-13 00:00:00,0.23977
2021-04-14 00:00:00,0.20283
2021-04-15 00:00:00,0.2451
2021-04-16 00:00:00,0.18425
2021-04-17 00:00:00,0.20612
2021-04-18 00:00:00,0.14443
2021-04-19 00:00:00,0.16667
2021-04-20 00:00:00,0.16268
2021-04-21 00:00:00,0.20739
2021-04-22 00:00:00,0.13765
2021-04-23 00:00:00,0.06308
2021-04-24 00:00:00,-0.00973
2021-03-27 00:00:00,0.41667
2021-03-28 00:00:00,0.23529
2021-03-29 00:00:00,0.14286
2021-03-30 00:00:00,0.16667
2021-03-31 00:00:00,0.32143
2021-04-01 00:00:00,0.21622
2021-04-02 00:00:00,0.28889
2021-04-03 00:00:00,0.22414
2021-04-04 00:00:00,0.16901
2021-04-05 00:00:00,0.22892
2021-04-06 00:00:00,0.20588
2021-04-07 00:00:00,0.1626
2021-04-08 00:00:00,0.25175
2021-04-09 00:00:00,0.28492
2021-04-10 00:00:00,0.18696
2021-04-11 00:00:00,0.18681
2021-04-12 00:00:00,0.18827
2021-04-13 00:00:00,0.1974
2021-04-14 00:00:00,0.20607
2021-04-15 00:00:00,0.20504
2021-04-16 00:00:00,0.20448
2021-04-17 00:00:00,0.21066
2021-04-18 00:00:00,0.21494
2021-04-19 00:00:00,0.23252
2021-04-20 00:00:00,0.1784
2021-04-21 00:00:00,0.32599
2021-04-22 00:00:00,0.14217
2021-04-23 00:00:00,0.08196
2021-04-24 00:00:00,0.1515
2021-03-27 00:00:00,0.0
2021-03-28 00:00:00,1.75
2021-03-29 00:00:00,0.27273
2021-03-30 00:00:00,-0.28571
2021-03-31 00:00:00,1.4
2021-04-01 00:00:00,0.125
2021-04-02 00:00:00,0.22222
2021-04-03 00:00:00,0.27273
2021-04-04 00:00:00,0.2619
2021-04-05 00:00:00,0.22642
2021-04-06 00:00:00,0.16923
2021-04-07 00:00:00,0.13158
2021-04-08 00:00:00,0.0814
2021-04-09 00:00:00,0.30108
2021-04-10 00:00:00,0.33058
2021-04-11 00:00:00,0.2795
2021-04-12 00:00:00,0.25728
2021-04-13 00:00:00,0.18919
2021-04-14 00:00:00,0.17857
2021-04-15 00:00:00,0.24518
2021-04-16 00:00:00,0.19248
2021-04-17 00:00:00,0.27273
2021-04-18 00:00:00,0.18367
2021-04-19 00:00:00,0.21305
2021-04-20 00:00:00,0.18883
2021-04-21 00:00:00,0.30231
2021-04-22 00:00:00,0.23344
2021-04-23 00:00:00,0.11749
2021-04-24 00:00:00,0.26974
2021-04-02 00:00:00,1.5
2021-04-03 00:00:00,1.0
2021-04-04 00:00:00,0.6
2021-04-05 00:00:00,0.3125
2021-04-06 00:00:00,0.28571
2021-04-07 00:00:00,0.25926
2021-04-08 00:00:00,0.20588
2021-04-09 00:00:00,0.2439
2021-04-10 00:00:00,0.31373
2021-04-11 00:00:00,0.31343
2021-04-12 00:00:00,0.26136
2021-04-13 00:00:00,0.17117
2021-04-14 00:00:00,0.42308
2021-04-15 00:00:00,0.35676
2021-04-16 00:00:00,0.28287
2021-04-17 00:00:00,0.36335
2021-04-18 00:00:00,0.31891
2021-04-19 00:00:00,0.15889
2021-04-20 00:00:00,0.08048
2021-04-21 00:00:00,0.05379
2021-04-22 00:00:00,0.06152
2021-04-23 00:00:00,0.03699
2021-04-24 00:00:00,0.02973
2021-04-25 00:00:00,-0.00115
2021-04-26 00:00:00,0.0104
2021-04-27 00:00:00,-0.00915
2021-04-28 00:00:00,0.0
2021-04-29 00:00:00,0.01732
2021-04-30 00:00:00,-0.01022
2021-05-01 00:00:00,-0.12729
2021-05-02 00:00:00,0.01971
2021-05-03 00:00:00,-0.02835
2021-05-04 00:00:00,-0.03846
2021-05-05 00:00:00,-0.08138
2021-05-06 00:00:00,-0.10661
2021-05-07 00:00:00,-0.10084
2021-05-08 00:00:00,-0.03364
2021-05-09 00:00:00,-0.06576
2021-05-10 00:00:00,-0.11801
2021-05-11 00:00:00,-0.0892
2021-05-12 00:00:00,-0.08247
2021-05-13 00:00:00,0.07865
2021-05-14 00:00:00,-0.01042
2021-05-15 00:00:00,-0.11842
2021-05-16 00:00:00,-0.2806
2021-05-17 00:00:00,0.05394
2021-05-18 00:00:00,0.33858
2021-04-07 00:00:00,1.0
2021-04-08 00:00:00,0.75
2021-04-09 00:00:00,0.35714
2021-04-10 00:00:00,0.36842
2021-04-11 00:00:00,0.34615
2021-04-12 00:00:00,0.31429
2021-04-13 00:00:00,0.26087
2021-04-14 00:00:00,0.2931
2021-04-15 00:00:00,0.38667
2021-04-16 00:00:00,0.29808
2021-04-17 00:00:00,0.27407
2021-04-18 00:00:00,0.27907
2021-04-19 00:00:00,0.36818
2021-04-20 00:00:00,0.32226
2021-04-21 00:00:00,0.15327
2021-04-22 00:00:00,0.22658
2021-04-23 00:00:00,0.12611
2021-04-24 00:00:00,0.07256
2021-04-25 00:00:00,0.07206
2021-04-26 00:00:00,0.02195
2021-04-27 00:00:00,0.0094
2021-04-28 00:00:00,0.0266
2021-04-29 00:00:00,0.00777
2021-04-30 00:00:00,-0.04113
2021-05-01 00:00:00,-0.0429
2021-05-02 00:00:00,-0.0028
2021-05-03 00:00:00,-0.01966
2021-05-04 00:00:00,-0.04728
2021-05-05 00:00:00,0.0
2021-05-06 00:00:00,-0.16541
2021-05-07 00:00:00,-0.0955
2021-05-08 00:00:00,-0.08765
2021-05-09 00:00:00,-0.12664
2021-05-10 00:00:00,-0.065
2021-05-11 00:00:00,-0.09893
2021-05-12 00:00:00,-0.04154
2021-05-13 00:00:00,0.02786
2021-05-14 00:00:00,0.00301
2021-05-15 00:00:00,-0.01802
2021-05-16 00:00:00,-0.05505
2021-05-17 00:00:00,-0.11003
2021-05-18 00:00:00,-0.02182
2021-04-18 00:00:00,0.33333
2021-04-19 00:00:00,0.5
2021-04-20 00:00:00,0.5
2021-04-21 00:00:00,0.33333
2021-04-22 00:00:00,0.33333
2021-04-23 00:00:00,0.3125
2021-04-24 00:00:00,0.28571
2021-04-25 00:00:00,0.22222
2021-04-26 00:00:00,0.30303
2021-04-27 00:00:00,0.16279
2021-04-28 00:00:00,0.12
2021-04-29 00:00:00,0.23214
2021-04-30 00:00:00,0.24638
2021-05-01 00:00:00,0.23256
2021-05-02 00:00:00,0.20755
2021-05-03 00:00:00,0.42188
2021-05-04 00:00:00,0.23626
2021-05-05 00:00:00,0.2
2021-05-06 00:00:00,0.25926
2021-05-07 00:00:00,0.17353
2021-05-08 00:00:00,0.23308
2021-05-09 00:00:00,0.21545
2021-05-10 00:00:00,0.20736
2021-05-11 00:00:00,0.18698
2021-05-12 00:00:00,0.19603
2021-05-13 00:00:00,0.2039
2021-05-14 00:00:00,0.26499
2021-05-15 00:00:00,0.12044
2021-05-16 00:00:00,0.07204
2021-05-17 00:00:00,0.01813
2021-05-18 00:00:00,0.0131
2021-05-19 00:00:00,0.00672
2021-05-20 00:00:00,0.019
2021-05-21 00:00:00,-0.00806
2021-05-22 00:00:00,0.00254
2021-05-23 00:00:00,0.0147
2021-05-24 00:00:00,0.00649
2021-05-25 00:00:00,-0.02035
2021-05-26 00:00:00,-0.05775
2021-05-27 00:00:00,-0.10914
2021-04-28 00:00:00,1.5
2021-04-29 00:00:00,0.1
2021-04-30 00:00:00,0.36364
2021-05-01 00:00:00,0.8
2021-05-02 00:00:00,0.44444
2021-05-03 00:00:00,0.33333
2021-05-04 00:00:00,0.42308
2021-05-05 00:00:00,0.25676
2021-05-06 00:00:00,0.26882
2021-05-07 00:00:00,0.25424
2021-05-08 00:00:00,0.24324
2021-05-09 00:00:00,0.31522
2021-05-10 00:00:00,0.28926
2021-05-11 00:00:00,0.37821
2021-05-12 00:00:00,0.32093
2021-05-13 00:00:00,0.25176
2021-05-14 00:00:00,0.19409
2021-05-15 00:00:00,0.26031
2021-05-16 00:00:00,0.1757
2021-05-17 00:00:00,0.19714
2021-05-18 00:00:00,0.1992
2021-05-19 00:00:00,0.10244
2021-05-20 00:00:00,0.06178
2021-05-21 00:00:00,0.04257
2021-05-22 00:00:00,0.0186
2021-05-23 00:00:00,0.01247
2021-05-24 00:00:00,0.00924
2021-05-25 00:00:00,0.00392
2021-05-26 00:00:00,0.02562
2021-05-27 00:00:00,0.0
2021-05-28 00:00:00,0.0
2021-05-29 00:00:00,-0.0072
2021-05-30 00:00:00,-0.01407
2021-04-28 00:00:00,0.75
2021-04-29 00:00:00,0.28571
2021-04-30 00:00:00,0.55556
2021-05-01 00:00:00,0.28571
2021-05-02 00:00:00,0.38889
2021-05-03 00:00:00,0.48
2021-05-04 00:00:00,0.35135
2021-05-05 00:00:00,0.4
2021-05-06 00:00:00,0.24286
2021-05-07 00:00:00,0.22989
2021-05-08 00:00:00,0.29907
2021-05-09 00:00:00,0.28777
2021-05-10 00:00:00,0.2905
2021-05-11 00:00:00,0.38961
2021-05-12 00:00:00,0.33022
2021-05-13 00:00:00,0.25527
2021-05-14 00:00:00,0.28918
2021-05-15 00:00:00,0.31548
2021-05-16 00:00:00,0.27613
2021-05-17 00:00:00,0.22328
2021-05-18 00:00:00,0.18041
2021-05-19 00:00:00,0.09791
2021-05-20 00:00:00,0.09081
2021-05-21 00:00:00,0.06979
2021-05-22 00:00:00,0.03635
2021-05-23 00:00:00,0.02383
2021-05-24 00:00:00,0.00834
2021-05-25 00:00:00,-0.00871
2021-05-26 00:00:00,0.0246
2021-05-27 00:00:00,0.003
2021-05-28 00:00:00,0.01625
2021-05-29 00:00:00,-0.00926
2021-05-30 00:00:00,-0.01656
2021-05-01 00:00:00,-0.92105
2021-05-02 00:00:00,0.0
2021-05-03 00:00:00,0.83333
2021-05-04 00:00:00,-0.09091
2021-05-05 00:00:00,0.9
2021-05-06 00:00:00,0.52632
2021-05-07 00:00:00,-0.34483
2021-05-08 00:00:00,1.31579
2021-05-09 00:00:00,0.18182
2021-05-10 00:00:00,0.26923
2021-05-11 00:00:00,0.34848
2021-05-12 00:00:00,0.26966
2021-05-13 00:00:00,0.38938
2021-05-14 00:00:00,0.36943
2021-05-15 00:00:00,0.26047
2021-05-16 00:00:00,0.19188
2021-05-17 00:00:00,0.14861
2021-05-18 00:00:00,0.22102
2021-05-19 00:00:00,0.26049
2021-05-20 00:00:00,0.29422
2021-05-21 00:00:00,0.22733
2021-05-22 00:00:00,0.2194
2021-05-23 00:00:00,0.17179
2021-05-24 00:00:00,0.21065
2021-05-25 00:00:00,0.23646
2021-05-26 00:00:00,0.16392
2021-05-27 00:00:00,0.09787
2021-05-28 00:00:00,0.08834
2021-05-29 00:00:00,0.03818
2021-05-30 00:00:00,0.0125
2021-05-31 00:00:00,0.00917
2021-06-01 00:00:00,0.03319
2021-06-02 00:00:00,-0.01995
2021-06-03 00:00:00,-0.0069
2021-06-04 00:00:00,0.03475
2021-06-05 00:00:00,0.02149
2021-06-06 00:00:00,0.01183
2021-06-07 00:00:00,0.00195
2021-06-08 00:00:00,0.00486
2021-06-09 00:00:00,0.01678
2021-06-10 00:00:00,-0.02158
2021-06-11 00:00:00,0.02433
2021-06-12 00:00:00,0.02945
2021-06-13 00:00:00,-0.00892
2021-06-14 00:00:00,0.02328
2021-05-01 00:00:00,0.8
2021-05-02 00:00:00,0.33333
2021-05-03 00:00:00,0.33333
2021-05-04 00:00:00,0.25
2021-05-05 00:00:00,0.5
2021-05-06 00:00:00,0.1
2021-05-07 00:00:00,0.30303
2021-05-08 00:00:00,0.34884
2021-05-09 00:00:00,0.36207
2021-05-10 00:00:00,0.16456
2021-05-11 00:00:00,0.43478
2021-05-12 00:00:00,0.23485
2021-05-13 00:00:00,0.3865
2021-05-14 00:00:00,0.27876
2021-05-15 00:00:00,0.23875
2021-05-16 00:00:00,0.26816
2021-05-17 00:00:00,0.25551
2021-05-18 00:00:00,0.01579
2021-05-19 00:00:00,0.27461
2021-05-20 00:00:00,0.15989
2021-05-21 00:00:00,0.12033
2021-05-22 00:00:00,0.07195
2021-05-23 00:00:00,0.05837
2021-05-24 00:00:00,0.05147
2021-05-25 00:00:00,0.01136
2021-05-26 00:00:00,0.02074
2021-05-27 00:00:00,0.03895
2021-05-28 00:00:00,-0.01222
2021-05-29 00:00:00,-0.05528
2021-05-30 00:00:00,-0.08646
2021-05-31 00:00:00,-0.1501
2021-06-01 00:00:00,-0.1856
2021-06-02 00:00:00,-0.15608
2021-06-03 00:00:00,0.00655
2021-06-04 00:00:00,-0.04553
2021-06-05 00:00:00,-0.08688
2021-06-06 00:00:00,-0.08022
2021-06-07 00:00:00,-0.13387
2021-06-08 00:00:00,-0.01639
2021-06-09 00:00:00,-0.19286
2021-06-10 00:00:00,-0.0236
2021-06-11 00:00:00,-0.01208
2021-06-12 00:00:00,0.02446
2021-06-13 00:00:00,-0.08955
2021-06-14 00:00:00,-0.00328
2021-05-02 00:00:00,0.66667
2021-05-03 00:00:00,0.5
2021-05-04 00:00:00,0.4
2021-05-05 00:00:00,0.09524
2021-05-06 00:00:00,0.3913
2021-05-07 00:00:00,0.28125
2021-05-08 00:00:00,0.14634
2021-05-09 00:00:00,0.38298
2021-05-10 00:00:00,0.26154
2021-05-11 00:00:00,0.20732
2021-05-12 00:00:00,0.34343
2021-05-13 00:00:00,0.22556
2021-05-14 00:00:00,0.39264
2021-05-15 00:00:00,0.3348
2021-05-16 00:00:00,0.33333
2021-05-17 00:00:00,0.25248
2021-05-18 00:00:00,0.24111
2021-05-19 00:00:00,0.27389
2021-05-20 00:00:00,0.25125
2021-05-21 00:00:00,0.06494
2021-05-22 00:00:00,0.05066
2021-05-23 00:00:00,0.05804
2021-05-24 00:00:00,0.0557
2021-05-25 00:00:00,0.13909
2021-05-26 00:00:00,0.10246
2021-05-27 00:00:00,0.14195
2021-05-28 00:00:00,0.12263
2021-05-29 00:00:00,0.07051
2021-05-30 00:00:00,0.03664
2021-05-31 00:00:00,0.03266
2021-06-01 00:00:00,0.03293
2021-06-02 00:00:00,0.02559
2021-06-03 00:00:00,0.01595
2021-06-04 00:00:00,0.00161
2021-06-05 00:00:00,0.02532
2021-06-06 00:00:00,0.00274
2021-06-07 00:00:00,-0.00665
2021-06-08 00:00:00,0.00118
2021-06-09 00:00:00,-0.01179
2021-06-10 00:00:00,-0.00597
2021-06-11 00:00:00,-0.0024
2021-06-12 00:00:00,0.00401
2021-06-13 00:00:00,-0.00839
2021-06-14 00:00:00,-0.02579
2021-06-02 00:00:00,0.0
2021-06-03 00:00:00,0.66667
2021-06-04 00:00:00,0.5
2021-06-05 00:00:00,0.33333
2021-06-06 00:00:00,0.35
2021-06-07 00:00:00,0.22222
2021-06-08 00:00:00,0.30303
2021-06-09 00:00:00,0.23256
2021-06-10 00:00:00,0.13208
2021-06-11 00:00:00,0.15
2021-06-12 00:00:00,0.33333
2021-06-13 00:00:00,0.41304
2021-06-14 00:00:00,0.28462
2021-06-15 00:00:00,0.31737
2021-06-16 00:00:00,0.26818
2021-06-17 00:00:00,0.25806
2021-06-18 00:00:00,0.18519
2021-06-19 00:00:00,0.16827
2021-06-20 00:00:00,0.21193
2021-06-21 00:00:00,0.17997
2021-06-22 00:00:00,0.23165
2021-06-23 00:00:00,0.09813
2021-06-24 00:00:00,-0.39574
2021-06-25 00:00:00,0.75176
2021-06-26 00:00:00,-0.16884
2021-06-04 00:00:00,-0.5
2021-06-05 00:00:00,1.0
2021-06-06 00:00:00,0.5
2021-06-07 00:00:00,0.0
2021-06-08 00:00:00,0.66667
2021-06-09 00:00:00,0.6
2021-06-10 00:00:00,0.625
2021-06-11 00:00:00,0.46154
2021-06-12 00:00:00,0.31579
2021-06-13 00:00:00,0.44
2021-06-14 00:00:00,0.52778
2021-06-15 00:00:00,0.27273
2021-06-16 00:00:00,0.24286
2021-06-17 00:00:00,0.29885
2021-06-18 00:00:00,0.29204
2021-06-19 00:00:00,0.25342
2021-06-20 00:00:00,0.15847
2021-06-21 00:00:00,0.25943
2021-06-22 00:00:00,0.1236
2021-06-23 00:00:00,0.05
2021-06-24 00:00:00,0.02857
2021-06-25 00:00:00,0.02469
2021-06-26 00:00:00,0.0753
2021-06-27 00:00:00,-0.0028
2021-06-28 00:00:00,0.0
2021-06-29 00:00:00,0.02809
2021-06-30 00:00:00,-0.01639
2021-07-01 00:00:00,0.02222
2021-07-02 00:00:00,0.01902
2021-07-03 00:00:00,0.00533
2021-07-04 00:00:00,-0.03714
2021-07-05 00:00:00,0.14876
2021-07-06 00:00:00,0.09113
2021-07-07 00:00:00,0.04835
2021-07-08 00:00:00,0.04403
2021-07-09 00:00:00,-0.03213
2021-07-10 00:00:00,-0.05602
2021-07-11 00:00:00,-0.02637
2021-07-12 00:00:00,-0.02483
2021-07-13 00:00:00,0.19213
2021-07-14 00:00:00,-0.00971
2021-07-15 00:00:00,0.06471
2021-06-03 00:00:00,0.0
2021-06-04 00:00:00,1.0
2021-06-05 00:00:00,1.25
2021-06-06 00:00:00,0.11111
2021-06-07 00:00:00,0.9
2021-06-08 00:00:00,0.36842
2021-06-09 00:00:00,0.61538
2021-06-10 00:00:00,0.7381
2021-06-11 00:00:00,0.23288
2021-06-12 00:00:00,0.2
2021-06-13 00:00:00,0.34259
2021-06-14 00:00:00,0.27586
2021-06-15 00:00:00,0.34595
2021-06-16 00:00:00,0.31325
2021-06-17 00:00:00,0.29358
2021-06-18 00:00:00,0.35225
2021-06-19 00:00:00,0.27273
2021-06-20 00:00:00,0.2033
2021-06-21 00:00:00,0.36187
2021-06-22 00:00:00,0.27158
2021-06-23 00:00:00,0.16348
2021-06-24 00:00:00,0.21473
2021-06-25 00:00:00,0.17677
2021-06-26 00:00:00,0.12921
2021-06-27 00:00:00,0.12636
2021-06-28 00:00:00,0.0751
2021-06-29 00:00:00,0.02232
2021-06-30 00:00:00,0.02098
2021-06-05 00:00:00,1.28571
2021-06-06 00:00:00,0.1875
2021-06-07 00:00:00,0.31579
2021-06-08 00:00:00,0.36
2021-06-09 00:00:00,0.32353
2021-06-10 00:00:00,0.53333
2021-06-11 00:00:00,0.27536
2021-06-12 00:00:00,0.38636
2021-06-13 00:00:00,0.36066
2021-06-14 00:00:00,0.35542
2021-06-15 00:00:00,0.38667
2021-06-16 00:00:00,0.37179
2021-06-17 00:00:00,0.22196
2021-06-18 00:00:00,0.31166
2021-06-19 00:00:00,0.293
2021-06-20 00:00:00,0.28298
2021-06-21 00:00:00,0.20123
2021-06-22 00:00:00,0.2575
2021-06-23 00:00:00,0.17627
2021-06-24 00:00:00,0.16716
2021-06-25 00:00:00,0.16864
2021-06-26 00:00:00,0.22009
2021-06-27 00:00:00,0.10698
2021-06-28 00:00:00,0.01557
2021-06-29 00:00:00,0.17499
2021-06-30 00:00:00,0.05512
2021-06-05 00:00:00,0.5
2021-06-06 00:00:00,0.5
2021-06-07 00:00:00,1.0
2021-06-08 00:00:00,0.27778
2021-06-09 00:00:00,0.26087
2021-06-10 00:00:00,0.44828
2021-06-11 00:00:00,0.52381
2021-06-12 00:00:00,0.32812
2021-06-13 00:00:00,0.35294
2021-06-14 00:00:00,0.43478
2021-06-15 00:00:00,0.2
2021-06-16 00:00:00,0.48485
2021-06-17 00:00:00,0.2483
2021-06-18 00:00:00,0.30518
2021-06-19 00:00:00,0.27557
2021-06-20 00:00:00,0.2455
2021-06-21 00:00:00,0.29041
2021-06-22 00:00:00,0.1558
2021-06-23 00:00:00,0.20969
2021-06-24 00:00:00,0.17189
2021-06-25 00:00:00,0.26911
2021-06-26 00:00:00,0.24192
2021-06-27 00:00:00,0.07177
2021-06-28 00:00:00,0.0
2021-06-29 00:00:00,0.24246
2021-06-30 00:00:00,0.06752
2021-06-05 00:00:00,1.14286
2021-06-06 00:00:00,0.46667
2021-06-07 00:00:00,0.81818
2021-06-08 00:00:00,0.25
2021-06-09 00:00:00,0.26
2021-06-10 00:00:00,0.33333
2021-06-11 00:00:00,0.44048
2021-06-12 00:00:00,0.2562
2021-06-13 00:00:00,0.26974
2021-06-14 00:00:00,0.44041
2021-06-15 00:00:00,0.28058
2021-06-16 00:00:00,0.42135
2021-06-17 00:00:00,0.20751
2021-06-18 00:00:00,0.31424
2021-06-19 00:00:00,0.25903
2021-06-20 00:00:00,0.16914
2021-06-21 00:00:00,0.13706
2021-06-22 00:00:00,0.12872
2021-06-23 00:00:00,0.16084
2021-06-24 00:00:00,0.16468
2021-06-25 00:00:00,0.09264
2021-06-26 00:00:00,0.19411
2021-06-27 00:00:00,0.1932
2021-06-28 00:00:00,0.04009
2021-06-29 00:00:00,0.09816
2021-06-30 00:00:00,0.02331
2021-06-05 00:00:00,0.25
2021-06-06 00:00:00,0.0
2021-06-07 00:00:00,0.3
2021-06-08 00:00:00,0.15385
2021-06-09 00:00:00,0.26667
2021-06-10 00:00:00,0.52632
2021-06-11 00:00:00,0.34483
2021-06-12 00:00:00,0.05128
2021-06-13 00:00:00,0.14634
2021-06-14 00:00:00,0.42553
2021-06-15 00:00:00,0.28358
2021-06-16 00:00:00,1.12791
2021-06-17 00:00:00,0.21858
2021-06-18 00:00:00,0.39013
2021-06-19 00:00:00,0.25806
2021-06-20 00:00:00,0.35897
2021-06-21 00:00:00,0.25094
2021-06-22 00:00:00,0.0905
2021-06-23 00:00:00,0.29737
2021-06-24 00:00:00,0.26972
2021-06-25 00:00:00,0.09992
2021-06-26 00:00:00,0.22824
2021-06-27 00:00:00,0.11809
2021-06-28 00:00:00,0.21845
2021-06-29 00:00:00,0.0365
2021-06-30 00:00:00,0.17386
2021-06-05 00:00:00,0.33333
2021-06-06 00:00:00,0.25
2021-06-07 00:00:00,0.35
2021-06-08 00:00:00,0.2963
2021-06-09 00:00:00,0.37143
2021-06-10 00:00:00,0.20833
2021-06-11 00:00:00,0.34483
2021-06-12 00:00:00,0.29487
2021-06-13 00:00:00,0.32673
2021-06-14 00:00:00,0.46269
2021-06-15 00:00:00,0.36735
2021-06-16 00:00:00,0.45896
2021-06-17 00:00:00,0.29412
2021-06-18 00:00:00,0.29249
2021-06-19 00:00:00,0.22783
2021-06-20 00:00:00,0.31382
2021-06-21 00:00:00,0.25024
2021-06-22 00:00:00,0.26005
2021-06-23 00:00:00,0.09567
2021-06-24 00:00:00,0.11642
2021-06-25 00:00:00,0.05312
2021-06-26 00:00:00,0.16581
2021-06-27 00:00:00,0.04167
2021-06-28 00:00:00,0.07654
2021-06-29 00:00:00,0.06467
2021-06-30 00:00:00,0.08893
2021-06-05 00:00:00,0.25
2021-06-06 00:00:00,0.45
2021-06-07 00:00:00,0.27586
2021-06-08 00:00:00,0.35135
2021-06-09 00:00:00,0.22
2021-06-10 00:00:00,0.34426
2021-06-11 00:00:00,0.28049
2021-06-12 00:00:00,0.47619
2021-06-13 00:00:00,0.41935
2021-06-14 00:00:00,0.30909
2021-06-15 00:00:00,0.41667
2021-06-16 00:00:00,0.26961
2021-06-17 00:00:00,0.32046
2021-06-18 00:00:00,0.31871
2021-06-19 00:00:00,0.33925
2021-06-20 00:00:00,0.14238
2021-06-21 00:00:00,0.35217
2021-06-22 00:00:00,0.13773
2021-06-23 00:00:00,0.05181
2021-06-24 00:00:00,0.24989
2021-06-25 00:00:00,0.10283
2021-06-26 00:00:00,0.16602
2021-06-27 00:00:00,-0.02647
2021-06-28 00:00:00,-0.10389
2021-06-29 00:00:00,-0.1236
2021-06-30 00:00:00,-0.25692
2021-06-20 00:00:00,2.0
2021-06-21 00:00:00,2.33333
2021-06-22 00:00:00,0.8
2021-06-23 00:00:00,0.5
2021-06-24 00:00:00,0.59259
2021-06-25 00:00:00,0.46512
2021-06-26 00:00:00,0.30159
2021-06-27 00:00:00,0.30488
2021-06-28 00:00:00,0.23364
2021-06-29 00:00:00,0.31061
2021-06-30 00:00:00,0.24277
2021-07-01 00:00:00,0.30698
2021-07-02 00:00:00,0.24911
2021-07-03 00:00:00,0.18234
2021-07-04 00:00:00,0.10361
2021-07-05 00:00:00,0.06769
2021-07-06 00:00:00,-0.0184
2021-07-07 00:00:00,0.03542
2021-07-08 00:00:00,0.02817
2021-07-09 00:00:00,-0.00783
2021-07-10 00:00:00,0.05523
2021-07-11 00:00:00,0.05047
2021-07-12 00:00:00,0.02669
2021-07-13 00:00:00,0.0312
2021-07-14 00:00:00,0.01849
2021-07-15 00:00:00,0.0132
2021-07-16 00:00:00,0.0342
2021-07-17 00:00:00,0.02677
2021-07-18 00:00:00,0.01534
2021-07-19 00:00:00,0.04532
2021-07-20 00:00:00,0.01445
2021-07-21 00:00:00,-0.02707
2021-07-22 00:00:00,0.01903
2021-07-23 00:00:00,0.03448
2021-07-24 00:00:00,0.01528
2021-07-25 00:00:00,0.01915
2021-07-26 00:00:00,-0.00671
2021-09-03 00:00:00,1.33333
2021-09-04 00:00:00,-0.85714
2021-09-05 00:00:00,13.0
2021-09-06 00:00:00,0.14286
2021-09-07 00:00:00,0.125
2021-09-08 00:00:00,0.0
2021-09-09 00:00:00,-0.88889
2021-09-10 00:00:00,20.5
2021-09-11 00:00:00,1.67442
2021-09-12 00:00:00,-0.03478
2021-09-13 00:00:00,0.42342
2021-09-14 00:00:00,1.29747
2021-09-15 00:00:00,0.27548
2021-09-16 00:00:00,0.14039
2021-09-17 00:00:00,0.50379
2021-09-18 00:00:00,0.43073
2021-09-19 00:00:00,0.33891
2021-09-20 00:00:00,0.39645
2021-09-21 00:00:00,0.01083
2021-09-22 00:00:00,0.00466
2021-09-23 00:00:00,0.02133
2021-09-24 00:00:00,0.01725
2021-09-25 00:00:00,0.02276
2021-09-26 00:00:00,0.02225
2021-09-27 00:00:00,0.01152
2021-09-28 00:00:00,0.05401
2021-09-29 00:00:00,0.00721
2021-09-30 00:00:00,0.00596
2021-10-01 00:00:00,0.01225
2021-10-02 00:00:00,0.06284
2021-10-03 00:00:00,0.04187
2021-10-04 00:00:00,0.01163
2021-10-05 00:00:00,0.01045
2021-09-04 00:00:00,0.42857
2021-09-05 00:00:00,0.2
2021-09-06 00:00:00,0.25
2021-09-07 00:00:00,0.26667
2021-09-08 00:00:00,0.26316
2021-09-09 00:00:00,0.29167
2021-09-10 00:00:00,0.32258
2021-09-11 00:00:00,0.43902
2021-09-12 00:00:00,0.18644
2021-09-13 00:00:00,0.22857
2021-09-14 00:00:00,0.39535
2021-09-15 00:00:00,0.325
2021-09-16 00:00:00,0.24528
2021-09-17 00:00:00,0.28788
2021-09-18 00:00:00,0.30196
2021-09-19 00:00:00,0.28313
2021-09-20 00:00:00,0.26761
2021-09-21 00:00:00,0.22222
2021-09-22 00:00:00,0.19697
2021-09-23 00:00:00,0.25316
2021-09-24 00:00:00,0.27374
2021-09-25 00:00:00,0.21967
2021-09-26 00:00:00,0.09103
2021-09-27 00:00:00,0.10727
2021-09-28 00:00:00,0.04575
2021-09-29 00:00:00,0.04272
2021-09-30 00:00:00,0.18509
2021-10-01 00:00:00,0.13703
2021-10-02 00:00:00,0.11941
2021-10-03 00:00:00,0.03992
2021-10-04 00:00:00,0.03084
2021-10-05 00:00:00,0.01923
2021-10-06 00:00:00,0.00809
2021-10-07 00:00:00,0.04367
2021-10-08 00:00:00,0.02847
2021-10-09 00:00:00,0.00775
2021-10-10 00:00:00,0.01511
2021-10-11 00:00:00,-0.00054
2021-10-12 00:00:00,0.00271
2021-10-13 00:00:00,-0.12176
2021-10-14 00:00:00,-0.19059
2021-10-15 00:00:00,-0.13749
2022-01-28 00:00:00,0.0
2022-01-29 00:00:00,3.0
2022-01-30 00:00:00,0.5
2022-01-31 00:00:00,0.16667
2022-02-01 00:00:00,-0.14286
2022-02-02 00:00:00,0.66667
2022-02-03 00:00:00,0.0
2022-02-04 00:00:00,0.0
2022-02-05 00:00:00,0.4
2022-02-06 00:00:00,0.35714
2022-02-07 00:00:00,0.57895
2022-02-08 00:00:00,0.26667
2022-02-09 00:00:00,0.39474
2022-02-10 00:00:00,0.30189
2022-02-11 00:00:00,0.3913
2022-02-12 00:00:00,0.41667
2022-02-13 00:00:00,0.36765
2022-02-14 00:00:00,0.2957
2022-02-15 00:00:00,0.3112
2022-02-16 00:00:00,0.20253
2022-02-17 00:00:00,0.18421
2022-02-18 00:00:00,0.17778
2022-02-19 00:00:00,0.07358
2022-02-20 00:00:00,0.35149
2022-02-21 00:00:00,0.27178
2022-02-22 00:00:00,0.21779
2022-02-23 00:00:00,0.07389
2022-02-24 00:00:00,0.10321
2022-02-25 00:00:00,0.11198
2022-02-26 00:00:00,0.12237
2022-02-27 00:00:00,0.09654
2022-02-28 00:00:00,0.03884
2022-03-01 00:00:00,0.04686
2022-03-02 00:00:00,0.12571
2022-03-03 00:00:00,0.06895
2022-01-28 00:00:00,1.0
2022-01-29 00:00:00,0.25
2022-01-30 00:00:00,0.8
2022-01-31 00:00:00,0.55556
2022-02-01 00:00:00,0.5
2022-02-02 00:00:00,0.19048
2022-02-03 00:00:00,0.68
2022-02-04 00:00:00,0.33333
2022-02-05 00:00:00,0.25
2022-02-06 00:00:00,0.27143
2022-02-07 00:00:00,0.31461
2022-02-08 00:00:00,0.33333
2022-02-09 00:00:00,0.32051
2022-02-10 00:00:00,0.41748
2022-02-11 00:00:00,0.39041
2022-02-12 00:00:00,0.37192
2022-02-13 00:00:00,0.39318
2022-02-14 00:00:00,0.24871
2022-02-15 00:00:00,0.11249
2022-02-16 00:00:00,0.05937
2022-02-17 00:00:00,0.0613
2022-02-18 00:00:00,0.25165
2022-02-19 00:00:00,0.16348
2022-02-20 00:00:00,0.21473
2022-02-21 00:00:00,0.17677
2022-02-22 00:00:00,0.2719
2022-02-23 00:00:00,0.14958
2022-02-24 00:00:00,0.10491
2022-02-25 00:00:00,0.08243
2022-02-26 00:00:00,0.08296
2022-02-27 00:00:00,0.01088
2022-02-28 00:00:00,-0.0766
2022-03-01 00:00:00,0.10538
2022-01-28 00:00:00,0.0
2022-01-29 00:00:00,0.5
2022-01-30 00:00:00,0.5
2022-01-31 00:00:00,-0.11111
2022-02-01 00:00:00,0.375
2022-02-02 00:00:00,0.45455
2022-02-03 00:00:00,0.125
2022-02-04 00:00:00,0.38889
2022-02-05 00:00:00,0.52
2022-02-06 00:00:00,0.18421
2022-02-07 00:00:00,0.35556
2022-02-08 00:00:00,0.45902
2022-02-09 00:00:00,0.32584
2022-02-10 00:00:00,0.27966
2022-02-11 00:00:00,0.35099
2022-02-12 00:00:00,0.39216
2022-02-13 00:00:00,0.30282
2022-02-14 00:00:00,0.30541
2022-02-15 00:00:00,0.2588
2022-02-16 00:00:00,0.19243
2022-02-17 00:00:00,0.27172
2022-02-18 00:00:00,0.36334
2022-02-19 00:00:00,0.07399
2022-02-20 00:00:00,0.10444
2022-02-21 00:00:00,0.01811
2022-02-22 00:00:00,0.08827
2022-02-23 00:00:00,0.13136
2022-02-24 00:00:00,0.02568
2022-02-25 00:00:00,0.08764
2022-02-26 00:00:00,0.05324
2022-02-27 00:00:00,0.01913
2022-02-28 00:00:00,0.0706
2022-03-01 00:00:00,0.01962
2022-03-02 00:00:00,-0.05485
2022-03-03 00:00:00,0.09485
2022-03-04 00:00:00,-0.10364
2022-03-05 00:00:00,0.05737
2022-03-06 00:00:00,0.01962
2022-03-07 00:00:00,-0.01924
2022-02-06 00:00:00,1.5
2022-02-07 00:00:00,1.0
2022-02-08 00:00:00,0.4
2022-02-09 00:00:00,0.0
2022-02-10 00:00:00,0.42857
2022-02-11 00:00:00,0.15
2022-02-12 00:00:00,1.04348
2022-02-13 00:00:00,0.55319
2022-02-14 00:00:00,0.39726
2022-02-15 00:00:00,0.0
2022-02-16 00:00:00,0.51961
2022-02-17 00:00:00,0.41935
2022-02-18 00:00:00,0.30909
2022-02-19 00:00:00,0.41667
2022-02-20 00:00:00,0.26961
2022-02-21 00:00:00,0.32046
2022-02-22 00:00:00,0.38158
2022-02-23 00:00:00,0.42116
2022-02-24 00:00:00,0.23455
2022-02-25 00:00:00,0.28709
2022-02-26 00:00:00,0.23149
2022-02-27 00:00:00,0.2226
2022-02-28 00:00:00,0.03673
2022-03-01 00:00:00,0.02071
2022-03-02 00:00:00,0.26412
2022-03-03 00:00:00,-0.1645
2022-03-04 00:00:00,0.18713
2022-02-05 00:00:00,-0.88372
2022-02-06 00:00:00,0.8
2022-02-07 00:00:00,0.44444
2022-02-08 00:00:00,0.30769
2022-02-09 00:00:00,0.41176
2022-02-10 00:00:00,0.375
2022-02-11 00:00:00,0.39394
2022-02-12 00:00:00,0.41304
2022-02-13 00:00:00,0.44615
2022-02-14 00:00:00,0.5
2022-02-15 00:00:00,0.35461
2022-02-16 00:00:00,0.61257
2022-02-17 00:00:00,0.68182
2022-02-18 00:00:00,0.32046
2022-02-19 00:00:00,0.31871
2022-02-20 00:00:00,0.33925
2022-02-21 00:00:00,0.14238
2022-02-22 00:00:00,0.06014
2022-02-23 00:00:00,0.29733
2022-02-24 00:00:00,15.6196
2022-02-25 00:00:00,-0.9216
2022-02-26 00:00:00,0.0651
2022-02-27 00:00:00,0.14161
2022-02-28 00:00:00,0.20319
2022-03-01 00:00:00,0.13903
2022-03-02 00:00:00,0.033
2022-03-03 00:00:00,-0.09725
2022-03-04 00:00:00,0.25267
2022-02-05 00:00:00,52.0
2022-02-06 00:00:00,-0.90566
2022-02-07 00:00:00,1.2
2022-02-08 00:00:00,0.45455
2022-02-09 00:00:00,0.125
2022-02-10 00:00:00,0.05556
2022-02-11 00:00:00,0.15789
2022-02-12 00:00:00,0.27273
2022-02-13 00:00:00,1.0
2022-02-14 00:00:00,0.10714
2022-02-15 00:00:00,1.27419
2022-02-16 00:00:00,0.36879
2022-02-17 00:00:00,0.39896
2022-02-18 00:00:00,0.26667
2022-02-19 00:00:00,0.2076
2022-02-20 00:00:00,0.10412
2022-02-21 00:00:00,0.13158
2022-02-22 00:00:00,0.10271
2022-02-23 00:00:00,0.35149
2022-02-24 00:00:00,0.27178
2022-02-25 00:00:00,0.21779
2022-02-26 00:00:00,0.089
2022-02-27 00:00:00,0.57672
2022-02-28 00:00:00,0.22298
2022-03-01 00:00:00,0.13675
2022-03-02 00:00:00,0.03869
2022-03-03 00:00:00,-0.02269
2022-03-04 00:00:00,0.34893
2022-02-05 00:00:00,3.0
2022-02-06 00:00:00,1.0
2022-02-07 00:00:00,0.625
2022-02-08 00:00:00,-0.38462
2022-02-09 00:00:00,-0.5
2022-02-10 00:00:00,1.25
2022-02-11 00:00:00,0.55556
2022-02-12 00:00:00,0.78571
2022-02-13 00:00:00,0.28
2022-02-14 00:00:00,0.34375
2022-02-15 00:00:00,0.30233
2022-02-16 00:00:00,0.16071
2022-02-17 00:00:00,0.18462
2022-02-18 00:00:00,0.32468
2022-02-19 00:00:00,0.04902
2022-02-20 00:00:00,0.11215
2022-02-21 00:00:00,0.35294
2022-02-22 00:00:00,0.04348
2022-02-23 00:00:00,0.79167
2022-02-24 00:00:00,0.70764
2022-02-25 00:00:00,0.20233
2022-02-26 00:00:00,0.99353
2022-02-27 00:00:00,0.37825
2022-02-28 00:00:00,0.13133
2022-03-01 00:00:00,-0.0583
2022-03-02 00:00:00,0.00608
2022-03-03 00:00:00,-0.01978
2022-03-04 00:00:00,0.16368
2022-02-06 00:00:00,0.81081
2022-02-07 00:00:00,0.19403
2022-02-08 00:00:00,0.2875
2022-02-09 00:00:00,0.36893
2022-02-10 00:00:00,0.31915
2022-02-11 00:00:00,0.25269
2022-02-12 00:00:00,0.18884
2022-02-13 00:00:00,0.38989
2022-02-14 00:00:00,0.34545
2022-02-15 00:00:00,0.50965
2022-02-16 00:00:00,0.49361
2022-02-17 00:00:00,0.32962
2022-02-18 00:00:00,0.22344
2022-02-19 00:00:00,0.33053
2022-02-20 00:00:00,0.16495
2022-02-21 00:00:00,0.11104
2022-02-22 00:00:00,0.21088
2022-02-23 00:00:00,-0.08026
2022-02-24 00:00:00,0.30461
2022-02-25 00:00:00,-0.03092
2022-02-26 00:00:00,-0.09724
2022-02-27 00:00:00,0.11325
2022-02-28 00:00:00,0.06436
2022-03-01 00:00:00,0.14164
2022-03-02 00:00:00,-0.08407
2022-03-03 00:00:00,0.15176
2022-02-24 00:00:00,0.5
2022-02-25 00:00:00,0.55556
2022-02-26 00:00:00,0.28571
2022-02-27 00:00:00,0.5
2022-02-28 00:00:00,0.2963
2022-03-01 00:00:00,0.31429
2022-03-02 00:00:00,0.28261
2022-03-03 00:00:00,0.28814
2022-03-04 00:00:00,0.19737
2022-03-05 00:00:00,0.38462
2022-03-06 00:00:00,0.13492
2022-03-07 00:00:00,0.24476
2022-03-08 00:00:00,0.20225
2022-03-09 00:00:00,0.27103
2022-03-10 00:00:00,0.20956
2022-03-11 00:00:00,0.26444
2022-03-12 00:00:00,0.27163
2022-03-13 00:00:00,0.32136
2022-03-14 00:00:00,0.18169
2022-03-15 00:00:00,0.23245
2022-03-16 00:00:00,0.26326
2022-03-17 00:00:00,0.2605
2022-03-18 00:00:00,0.11968
2022-03-19 00:00:00,0.17245
2022-03-20 00:00:00,0.1438
2022-03-21 00:00:00,0.16064
2022-03-22 00:00:00,0.20389
2022-03-23 00:00:00,0.17142
2022-03-24 00:00:00,0.01355
2022-03-25 00:00:00,0.11961
2022-03-26 00:00:00,0.13271
2022-03-27 00:00:00,0.01386
2022-03-28 00:00:00,0.05663
2022-03-29 00:00:00,-0.1163
2022-03-30 00:00:00,-0.34055
2022-03-31 00:00:00,0.39412
2022-04-01 00:00:00,-0.10994
2022-04-02 00:00:00,-0.09453
2022-04-03 00:00:00,0.30317
2022-04-04 00:00:00,-0.17325
2022-04-05 00:00:00,0.0
2022-04-06 00:00:00,0.07674
2022-04-07 00:00:00,-0.13319
2022-04-08 00:00:00,0.30925
2022-02-25 00:00:00,-0.12308
2022-02-26 00:00:00,0.20175
2022-02-27 00:00:00,0.73723
2022-02-28 00:00:00,0.39076
2022-03-01 00:00:00,0.34441
2022-03-02 00:00:00,0.30787
2022-03-03 00:00:00,0.2457
2022-03-04 00:00:00,0.27172
2022-03-05 00:00:00,0.36334
2022-03-06 00:00:00,0.07399
2022-03-07 00:00:00,0.10444
2022-03-08 00:00:00,-0.11335
2022-03-09 00:00:00,0.14523
2022-03-10 00:00:00,0.00264
2022-03-11 00:00:00,0.08827
2022-03-12 00:00:00,0.02119
2022-03-13 00:00:00,0.01186
2022-03-14 00:00:00,0.12771
2022-03-15 00:00:00,-0.07377
2022-03-16 00:00:00,0.12227
2022-03-17 00:00:00,0.13243
2022-03-18 00:00:00,-0.06884
2022-03-09 00:00:00,0.6
2022-03-10 00:00:00,0.625
2022-03-11 00:00:00,0.61538
2022-03-12 00:00:00,0.38095
2022-03-13 00:00:00,0.24138
2022-03-14 00:00:00,0.27778
2022-03-15 00:00:00,0.28261
2022-03-16 00:00:00,0.98305
2022-03-17 00:00:00,-0.03419
2022-03-18 00:00:00,0.30973
2022-03-19 00:00:00,0.18919
2022-03-20 00:00:00,0.17045
2022-03-21 00:00:00,0.45631
2022-03-22 00:00:00,0.32
2022-03-23 00:00:00,0.43687
2022-03-24 00:00:00,0.25308
2022-03-25 00:00:00,0.12903
2022-03-26 00:00:00,0.34783
2022-03-27 00:00:00,0.37696
2022-03-28 00:00:00,0.34203
2022-03-29 00:00:00,0.17157
2022-03-30 00:00:00,0.26394
2022-03-31 00:00:00,0.17548
2022-04-01 00:00:00,0.00573
2022-04-02 00:00:00,0.11567
2022-04-03 00:00:00,0.04545
2022-04-04 00:00:00,-0.49194
2022-04-05 00:00:00,0.97452
2022-04-06 00:00:00,0.13343
2022-04-07 00:00:00,0.18604
2022-04-08 00:00:00,0.05126
2022-04-09 00:00:00,-0.07615
2022-04-10 00:00:00,0.06154
2022-04-11 00:00:00,-0.04146
2022-04-12 00:00:00,0.02346
2022-04-13 00:00:00,0.01164
2022-04-14 00:00:00,0.01115
2022-03-09 00:00:00,0.5
2022-03-10 00:00:00,0.66667
2022-03-11 00:00:00,0.53333
2022-03-12 00:00:00,0.3913
2022-03-13 00:00:00,0.34375
2022-03-14 00:00:00,0.27907
2022-03-15 00:00:00,0.36364
2022-03-16 00:00:00,0.30667
2022-03-17 00:00:00,0.15306
2022-03-18 00:00:00,0.23894
2022-03-19 00:00:00,0.30714
2022-03-20 00:00:00,0.29508
2022-03-21 00:00:00,0.81013
2022-03-22 00:00:00,0.41958
2022-03-23 00:00:00,0.39245
2022-03-24 00:00:00,0.39269
2022-03-25 00:00:00,0.18459
2022-03-26 00:00:00,0.45747
2022-03-27 00:00:00,0.23345
2022-03-28 00:00:00,0.14314
2022-03-29 00:00:00,0.1113
2022-03-30 00:00:00,0.01408
2022-03-31 00:00:00,0.02531
2022-04-01 00:00:00,0.06954
2022-04-02 00:00:00,0.00281
2022-04-03 00:00:00,0.02638
2022-04-04 00:00:00,0.06535
2022-04-05 00:00:00,0.06006
2022-04-06 00:00:00,-0.0431
2022-04-07 00:00:00,-0.12576
2022-04-08 00:00:00,-0.3864
2022-04-09 00:00:00,0.85613
2022-04-10 00:00:00,0.11792
2022-04-11 00:00:00,0.16526
2022-04-12 00:00:00,0.0437
2022-04-13 00:00:00,0.14486
2022-04-14 00:00:00,-0.32033
2022-03-23 00:00:00,5.0
2022-03-24 00:00:00,1.66667
2022-03-25 00:00:00,0.4375
2022-03-26 00:00:00,0.43478
2022-03-27 00:00:00,0.30303
2022-03-28 00:00:00,0.11628
2022-03-29 00:00:00,0.22917
2022-03-30 00:00:00,0.67797
2022-03-31 00:00:00,0.33333
2022-04-01 00:00:00,0.57576
2022-04-02 00:00:00,0.40865
2022-04-03 00:00:00,0.45734
2022-04-04 00:00:00,0.47073
2022-04-05 00:00:00,0.38694
2022-04-06 00:00:00,0.30769
2022-04-07 00:00:00,0.23178
2022-04-08 00:00:00,0.17748
2022-04-09 00:00:00,0.1138
2022-04-10 00:00:00,0.10815
2022-04-11 00:00:00,0.05199
2022-04-12 00:00:00,0.04476
2022-04-13 00:00:00,0.04909
2022-03-23 00:00:00,0.4
2022-03-24 00:00:00,0.07143
2022-03-25 00:00:00,0.13333
2022-03-26 00:00:00,0.47059
2022-03-27 00:00:00,0.4
2022-03-28 00:00:00,0.57143
2022-03-29 00:00:00,0.49091
2022-03-30 00:00:00,0.21951
2022-03-31 00:00:00,0.48
2022-04-01 00:00:00,0.77703
2022-04-02 00:00:00,0.57795
2022-04-03 00:00:00,0.32771
2022-04-04 00:00:00,0.44102
2022-04-05 00:00:00,0.233
2022-04-06 00:00:00,0.26558
2022-04-07 00:00:00,0.42776
2022-04-08 00:00:00,0.28208
2022-04-09 00:00:00,0.11023
2022-04-10 00:00:00,0.12589
2022-04-11 00:00:00,0.18166
2022-04-12 00:00:00,0.09403
2022-04-13 00:00:00,0.03574
2022-03-23 00:00:00,0.5
2022-03-24 00:00:00,0.33333
2022-03-25 00:00:00,0.33333
2022-03-26 00:00:00,0.25
2022-03-27 00:00:00,0.25
2022-03-28 00:00:00,0.14
2022-03-29 00:00:00,0.59649
2022-03-30 00:00:00,0.26374
2022-03-31 00:00:00,0.4
2022-04-01 00:00:00,0.50932
2022-04-02 00:00:00,0.0823
2022-04-03 00:00:00,0.70722
2022-04-04 00:00:00,0.73497
2022-04-05 00:00:00,0.01797
2022-04-06 00:00:00,0.34931
2022-04-07 00:00:00,-0.0243
2022-04-08 00:00:00,0.2251
2022-03-23 00:00:00,0.0
2022-03-24 00:00:00,0.75
2022-03-25 00:00:00,0.0
2022-03-26 00:00:00,0.28571
2022-03-27 00:00:00,0.0
2022-03-28 00:00:00,0.11111
2022-03-29 00:00:00,0.0
2022-03-30 00:00:00,0.0
2022-03-31 00:00:00,0.3
2022-04-01 00:00:00,1.92308
2022-04-02 00:00:00,0.68421
2022-04-03 00:00:00,0.60938
2022-04-04 00:00:00,0.48544
2022-04-05 00:00:00,0.15033
2022-04-06 00:00:00,0.14773
2022-04-07 00:00:00,0.56436
2022-04-08 00:00:00,0.17722
2022-04-09 00:00:00,0.72043
2022-04-10 00:00:00,0.525
2022-04-11 00:00:00,0.22951
2022-04-12 00:00:00,0.51417
2022-04-13 00:00:00,0.39571
2022-03-23 00:00:00,0.625
2022-03-24 00:00:00,0.23077
2022-03-25 00:00:00,0.5625
2022-03-26 00:00:00,0.4
2022-03-27 00:00:00,0.34286
2022-03-28 00:00:00,0.46809
2022-03-29 00:00:00,0.28986
2022-03-30 00:00:00,0.30337
2022-03-31 00:00:00,0.50862
2022-04-01 00:00:00,0.41143
2022-04-02 00:00:00,0.37652
2022-04-03 00:00:00,0.40882
2022-04-04 00:00:00,0.36952
2022-04-05 00:00:00,0.29878
2022-04-06 00:00:00,0.17958
2022-04-07 00:00:00,0.12438
2022-04-08 00:00:00,0.01062
2022-04-09 00:00:00,0.0613
2022-04-10 00:00:00,0.04043
2022-04-11 00:00:00,0.20539
2022-04-12 00:00:00,0.07829
2022-04-13 00:00:00,0.00915
2022-04-14 00:00:00,0.10157
2022-04-15 00:00:00,0.24588
2022-04-16 00:00:00,0.19339
2022-04-17 00:00:00,0.20007
2022-04-18 00:00:00,-0.1618
2022-04-19 00:00:00,-0.06789
2022-04-20 00:00:00,-0.21811
2022-04-21 00:00:00,-0.06596
2022-04-22 00:00:00,16.47709
2022-04-23 00:00:00,-0.91986
2022-04-24 00:00:00,0.11663
2022-04-25 00:00:00,0.15822
2022-04-26 00:00:00,0.12232
2022-04-27 00:00:00,0.06815
2022-04-28 00:00:00,0.10924
2022-04-29 00:00:00,-0.13093
2022-04-30 00:00:00,-0.16096
2022-05-01 00:00:00,-0.10129
2022-03-24 00:00:00,0.0
2022-03-25 00:00:00,1.0
2022-03-26 00:00:00,1.0
2022-03-27 00:00:00,0.75
2022-03-28 00:00:00,0.85714
2022-03-29 00:00:00,0.69231
2022-03-30 00:00:00,0.40909
2022-03-31 00:00:00,0.41935
2022-04-01 00:00:00,0.72727
2022-04-02 00:00:00,0.39474
2022-04-03 00:00:00,0.45283
2022-04-04 00:00:00,0.54545
2022-04-05 00:00:00,0.47059
2022-04-06 00:00:00,0.46286
2022-04-07 00:00:00,0.46484
2022-04-08 00:00:00,0.452
2022-04-09 00:00:00,0.29201
2022-04-10 00:00:00,0.24094
2022-04-11 00:00:00,0.16781
2022-04-12 00:00:00,0.11084
2022-04-13 00:00:00,0.06799
2022-04-14 00:00:00,0.11823
2022-04-15 00:00:00,0.2488
2022-04-16 00:00:00,0.24127
2022-04-17 00:00:00,0.17362
2022-04-18 00:00:00,-0.12924
2022-04-19 00:00:00,-0.06394
2022-04-20 00:00:00,0.06831
2022-04-21 00:00:00,0.23967
2022-04-22 00:00:00,0.03953
2022-04-23 00:00:00,0.15846
2022-04-24 00:00:00,-0.06691
2022-04-25 00:00:00,-0.30575
2022-04-26 00:00:00,-0.12355
2022-04-27 00:00:00,-0.15308
2022-04-28 00:00:00,-0.23895
2022-04-29 00:00:00,-0.39043
2022-04-30 00:00:00,-0.50666
2022-05-01 00:00:00,-0.4858
2022-04-02 00:00:00,0.30435
2022-04-03 00:00:00,0.16667
2022-04-04 00:00:00,0.14286
2022-04-05 00:00:00,0.15
2022-04-06 00:00:00,0.13043
2022-04-07 00:00:00,0.09615
2022-04-08 00:00:00,0.12281
2022-04-09 00:00:00,0.21875
2022-04-10 00:00:00,0.25641
2022-04-11 00:00:00,0.32653
2022-04-12 00:00:00,0.35385
2022-04-13 00:00:00,0.36932
2022-04-14 00:00:00,0.3195
2022-04-15 00:00:00,-0.30189
2022-04-16 00:00:00,1.02252
2022-04-17 00:00:00,0.29621
2022-04-18 00:00:00,0.27835
2022-04-19 00:00:00,0.52957
2022-04-20 00:00:00,0.34886
2022-04-21 00:00:00,0.22476
2022-04-22 00:00:00,0.21755
2022-04-23 00:00:00,0.23329
2022-04-24 00:00:00,0.11123
2022-04-25 00:00:00,0.06376
2022-04-26 00:00:00,0.14984
2022-04-09 00:00:00,2.0
2022-04-10 00:00:00,2.0
2022-04-11 00:00:00,0.77778
2022-04-12 00:00:00,0.5
2022-04-13 00:00:00,0.33333
2022-04-14 00:00:00,0.375
2022-04-15 00:00:00,0.43182
2022-04-16 00:00:00,0.38095
2022-04-17 00:00:00,0.24138
2022-04-18 00:00:00,0.32407
2022-04-19 00:00:00,0.38462
2022-04-20 00:00:00,0.26768
2022-04-21 00:00:00,0.29084
2022-04-22 00:00:00,0.35185
2022-04-23 00:00:00,0.31279
2022-04-24 00:00:00,0.35826
2022-04-25 00:00:00,0.33419
2022-04-26 00:00:00,0.46353
2022-04-27 00:00:00,0.33836
2022-04-28 00:00:00,0.24204
2022-04-29 00:00:00,0.20434
2022-04-30 00:00:00,0.13724
2022-05-01 00:00:00,0.09447
2022-05-02 00:00:00,0.06289
2022-05-03 00:00:00,0.02971
2022-05-04 00:00:00,-0.00048
2022-05-05 00:00:00,-0.00024
2022-05-06 00:00:00,0.02911
2022-05-07 00:00:00,-0.00444
2022-05-08 00:00:00,0.00634
2022-05-09 00:00:00,0.01167
2022-05-10 00:00:00,0.01292
2022-05-11 00:00:00,-0.00387
2022-05-12 00:00:00,-0.00823
2022-05-13 00:00:00,0.01176
2022-05-14 00:00:00,0.01435
2022-05-15 00:00:00,0.00539
2022-05-16 00:00:00,0.00938
2022-05-17 00:00:00,0.00996
2022-05-18 00:00:00,0.0
2022-05-19 00:00:00,-0.00373
2022-04-21 00:00:00,1.0
2022-04-22 00:00:00,1.75
2022-04-23 00:00:00,1.22727
2022-04-24 00:00:00,0.38776
2022-04-25 00:00:00,0.33824
2022-04-26 00:00:00,0.2967
2022-04-27 00:00:00,0.44915
2022-04-28 00:00:00,0.25731
2022-04-29 00:00:00,0.36279
2022-04-30 00:00:00,0.30375
2022-05-01 00:00:00,19.02618
2022-05-02 00:00:00,-0.94693
2022-05-03 00:00:00,0.16256
2022-05-04 00:00:00,0.30932
2022-05-05 00:00:00,0.43851
2022-05-06 00:00:00,0.35546
2022-05-07 00:00:00,0.26722
2022-05-08 00:00:00,0.30517
2022-05-09 00:00:00,0.20271
2022-05-10 00:00:00,0.03713
2022-05-11 00:00:00,0.09493
2022-05-12 00:00:00,0.23071
2022-05-13 00:00:00,0.2591
2022-05-14 00:00:00,0.15244
2022-05-15 00:00:00,0.0792
2022-05-16 00:00:00,-0.02249
2022-05-17 00:00:00,-0.09887
2022-05-18 00:00:00,0.21792
2022-05-19 00:00:00,0.09311
2022-05-20 00:00:00,0.03804
2022-05-21 00:00:00,-0.04463
2022-05-22 00:00:00,0.12916
2022-05-23 00:00:00,-0.00711
2022-05-24 00:00:00,-0.03143
2022-04-21 00:00:00,0.13333
2022-04-22 00:00:00,1.17647
2022-04-23 00:00:00,0.54054
2022-04-24 00:00:00,0.01754
2022-04-25 00:00:00,0.22414
2022-04-26 00:00:00,0.01408
2022-04-27 00:00:00,0.59722
2022-04-28 00:00:00,0.33913
2022-04-29 00:00:00,0.24026
2022-04-30 00:00:00,0.25654
2022-05-01 00:00:00,0.25833
2022-05-02 00:00:00,0.28146
2022-05-03 00:00:00,0.16796
2022-05-04 00:00:00,0.25442
2022-05-05 00:00:00,0.2134
2022-05-06 00:00:00,0.18605
2022-05-07 00:00:00,0.22917
2022-05-08 00:00:00,0.14357
2022-05-09 00:00:00,0.18745
2022-05-10 00:00:00,0.20999
2022-05-11 00:00:00,0.15898
2022-05-12 00:00:00,0.12356
2022-05-13 00:00:00,0.12255
2022-05-14 00:00:00,0.09174
2022-05-15 00:00:00,-0.02167
2022-05-16 00:00:00,0.01321
2022-05-17 00:00:00,-0.01304
2022-05-18 00:00:00,0.01321
2022-05-19 00:00:00,0.00153
2022-05-20 00:00:00,0.23592
2022-05-21 00:00:00,0.09978
2022-05-22 00:00:00,0.12342
2022-05-23 00:00:00,0.08829
2022-05-24 00:00:00,0.08251
2022-05-25 00:00:00,0.08324
2022-05-26 00:00:00,0.00059
2022-05-27 00:00:00,0.01061
2022-05-28 00:00:00,0.03615
2022-05-29 00:00:00,0.03358
2022-04-29 00:00:00,0.33333
2022-04-30 00:00:00,0.5
2022-05-01 00:00:00,1.0
2022-05-02 00:00:00,-0.25
2022-05-03 00:00:00,1.07407
2022-05-04 00:00:00,0.08929
2022-05-05 00:00:00,0.72131
2022-05-06 00:00:00,0.88571
2022-05-07 00:00:00,0.16162
2022-05-08 00:00:00,0.18696
2022-05-09 00:00:00,0.67766
2022-05-10 00:00:00,0.06769
2022-05-11 00:00:00,0.14519
2022-05-12 00:00:00,0.23036
2022-05-13 00:00:00,0.25399
2022-05-14 00:00:00,0.3206
2022-05-15 00:00:00,0.32954
2022-05-16 00:00:00,0.25511
2022-05-17 00:00:00,0.10977
2022-05-18 00:00:00,0.05017
2022-05-19 00:00:00,0.07661
2022-05-20 00:00:00,-0.52114
2022-05-21 00:00:00,0.64423
2022-05-22 00:00:00,0.353
2022-05-23 00:00:00,0.20354
2022-04-27 00:00:00,6.0
2022-04-28 00:00:00,0.42857
2022-04-29 00:00:00,0.35
2022-04-30 00:00:00,0.44444
2022-05-01 00:00:00,0.4359
2022-05-02 00:00:00,0.41071
2022-05-03 00:00:00,0.46835
2022-05-04 00:00:00,0.35345
2022-05-05 00:00:00,0.42038
2022-05-06 00:00:00,0.47534
2022-05-07 00:00:00,0.43465
2022-05-08 00:00:00,0.37924
2022-05-09 00:00:00,0.37174
2022-05-10 00:00:00,0.33035
2022-05-11 00:00:00,0.20539
2022-05-12 00:00:00,0.21788
2022-05-13 00:00:00,0.19438
2022-05-14 00:00:00,0.07393
2022-05-15 00:00:00,0.19088
2022-05-16 00:00:00,0.17005
2022-05-17 00:00:00,0.04363
2022-05-18 00:00:00,0.07132
2022-05-19 00:00:00,0.06915
2022-05-20 00:00:00,0.15566
2022-05-21 00:00:00,0.07664
2022-05-22 00:00:00,0.03861
2022-05-23 00:00:00,0.04299
2022-04-27 00:00:00,3.33333
2022-04-28 00:00:00,0.46154
2022-04-29 00:00:00,0.31579
2022-04-30 00:00:00,0.48
2022-05-01 00:00:00,0.35135
2022-05-02 00:00:00,0.54
2022-05-03 00:00:00,0.36364
2022-05-04 00:00:00,-0.27619
2022-05-05 00:00:00,1.72368
2022-05-06 00:00:00,0.55072
2022-05-07 00:00:00,0.41121
2022-05-08 00:00:00,0.36865
2022-05-09 00:00:00,0.51613
2022-05-10 00:00:00,0.28298
2022-05-11 00:00:00,0.33831
2022-05-12 00:00:00,0.24969
2022-05-13 00:00:00,0.11998
2022-05-14 00:00:00,0.16113
2022-05-15 00:00:00,0.10637
2022-05-16 00:00:00,0.06651
2022-05-17 00:00:00,0.09015
2022-05-18 00:00:00,0.08625
2022-05-19 00:00:00,-0.05402
2022-05-20 00:00:00,-0.29766
2022-05-21 00:00:00,0.1462
2022-05-22 00:00:00,0.12791
2022-05-23 00:00:00,0.14803
2022-04-27 00:00:00,0.75
2022-04-28 00:00:00,0.71429
2022-04-29 00:00:00,0.36111
2022-04-30 00:00:00,0.28571
2022-05-01 00:00:00,0.26984
2022-05-02 00:00:00,0.4
2022-05-03 00:00:00,0.375
2022-05-04 00:00:00,0.48701
2022-05-05 00:00:00,0.43231
2022-05-06 00:00:00,0.48476
2022-05-07 00:00:00,0.35113
2022-05-08 00:00:00,0.3541
2022-05-09 00:00:00,0.46801
2022-05-10 00:00:00,0.29128
2022-05-11 00:00:00,0.35642
2022-05-12 00:00:00,0.26757
2022-05-13 00:00:00,0.1918
2022-05-14 00:00:00,0.11846
2022-05-15 00:00:00,0.05425
2022-05-16 00:00:00,0.18549
2022-05-17 00:00:00,-0.01013
2022-05-18 00:00:00,0.04615
2022-05-19 00:00:00,0.11916
2022-05-20 00:00:00,-0.02854
2022-05-21 00:00:00,0.05085
2022-05-22 00:00:00,-0.00996
2022-05-23 00:00:00,0.05576
2022-04-27 00:00:00,0.76923
2022-04-28 00:00:00,0.26087
2022-04-29 00:00:00,0.03448
2022-04-30 00:00:00,0.63333
2022-05-01 00:00:00,0.2449
2022-05-02 00:00:00,0.29508
2022-05-03 00:00:00,0.40506
2022-05-04 00:00:00,0.21622
2022-05-05 00:00:00,0.63704
2022-05-06 00:00:00,0.61991
2022-05-07 00:00:00,0.30726
2022-05-08 00:00:00,0.08974
2022-05-09 00:00:00,0.31765
2022-05-10 00:00:00,0.21726
2022-05-11 00:00:00,0.15526
2022-05-12 00:00:00,0.31534
2022-05-13 00:00:00,0.33628
2022-05-14 00:00:00,0.03612
2022-04-29 00:00:00,0.25
2022-04-30 00:00:00,-0.2
2022-05-01 00:00:00,0.5
2022-05-02 00:00:00,0.5
2022-05-03 00:00:00,0.11111
2022-05-04 00:00:00,0.1
2022-05-05 00:00:00,-0.09091
2022-05-06 00:00:00,0.3
2022-05-07 00:00:00,0.76923
2022-05-08 00:00:00,-0.04348
2022-05-09 00:00:00,1.22727
2022-05-10 00:00:00,0.08163
2022-05-11 00:00:00,0.30189
2022-05-12 00:00:00,0.31884
2022-05-13 00:00:00,0.27473
2022-05-14 00:00:00,0.57759
2022-05-15 00:00:00,1.18579
2022-05-16 00:00:00,0.4575
2022-05-17 00:00:00,0.47684
2022-05-18 00:00:00,0.55981
2022-05-19 00:00:00,0.38868
2022-05-20 00:00:00,0.32708
2022-05-21 00:00:00,0.56848
2022-05-22 00:00:00,0.22746
2022-05-23 00:00:00,0.16978
2022-04-26 00:00:00,0.33333
2022-04-27 00:00:00,0.25
2022-04-28 00:00:00,0.4
2022-04-29 00:00:00,0.5
2022-04-30 00:00:00,0.42857
2022-05-01 00:00:00,0.23333
2022-05-02 00:00:00,0.40541
2022-05-03 00:00:00,0.25
2022-05-04 00:00:00,0.27692
2022-05-05 00:00:00,0.3494
2022-05-06 00:00:00,0.375
2022-05-07 00:00:00,0.27273
2022-05-08 00:00:00,0.32653
2022-05-09 00:00:00,0.35
2022-05-10 00:00:00,0.30199
2022-05-11 00:00:00,0.29322
2022-05-12 00:00:00,0.20812
2022-05-13 00:00:00,0.17087
2022-05-14 00:00:00,0.16627
2022-05-15 00:00:00,0.18154
2022-05-16 00:00:00,0.27083
2022-05-17 00:00:00,0.2015
2022-05-18 00:00:00,0.1046
2022-05-19 00:00:00,0.13433
2022-05-20 00:00:00,0.05309
2022-05-21 00:00:00,0.07626
2022-05-22 00:00:00,0.09367
2022-05-23 00:00:00,0.0604
2022-05-24 00:00:00,-0.00932
2022-05-25 00:00:00,0.09652
2022-05-26 00:00:00,0.01938
2022-05-27 00:00:00,0.0399
2022-05-22 00:00:00,0.21891
2022-05-23 00:00:00,0.22449
2022-05-24 00:00:00,0.27667
2022-05-25 00:00:00,0.22977
2022-05-26 00:00:00,0.24416
2022-05-27 00:00:00,0.27645
2022-05-28 00:00:00,0.23128
2022-05-29 00:00:00,0.15744
2022-05-30 00:00:00,0.19043
2022-05-31 00:00:00,0.22301
2022-06-01 00:00:00,0.23905
2022-06-02 00:00:00,0.00104
2022-06-03 00:00:00,0.06857
2022-06-04 00:00:00,0.09285
2022-06-05 00:00:00,-0.18683
2022-06-06 00:00:00,-0.15919
2022-06-07 00:00:00,-0.22511
2022-06-08 00:00:00,-0.1251
2022-06-09 00:00:00,0.2428
2022-06-10 00:00:00,-0.08958
2022-06-11 00:00:00,-0.07888
2022-06-12 00:00:00,-0.15838
2022-06-13 00:00:00,-0.47374
2022-06-14 00:00:00,-0.51767
2022-06-15 00:00:00,-0.5
